Points_0,Points_1,Points_2,Points_Magnitude,arc_length,phi,Point ID,vtkValidPointMask
0,0.5,0,0.5,0,0.0437823,0,1
0.001,0.5,0,0.500001,0.001,0.0437929,1,1
0.002,0.5,0,0.500004,0.002,0.0438034,2,1
0.003,0.5,0,0.500009,0.003,0.043814,3,1
0.004,0.5,0,0.500016,0.004,0.0438246,4,1
0.005,0.5,0,0.500025,0.005,0.0438355,5,1
0.006,0.5,0,0.500036,0.006,0.0438465,6,1
0.007,0.5,0,0.500049,0.007,0.0438574,7,1
0.008,0.5,0,0.500064,0.008,0.0438685,8,1
0.009,0.5,0,0.500081,0.009,0.0438798,9,1
0.01,0.5,0,0.5001,0.01,0.0438912,10,1
0.011,0.5,0,0.500121,0.011,0.0439026,11,1
0.012,0.5,0,0.500144,0.012,0.0439141,12,1
0.013,0.5,0,0.500169,0.013,0.0439259,13,1
0.014,0.5,0,0.500196,0.014,0.0439377,14,1
0.015,0.5,0,0.500225,0.015,0.0439495,15,1
0.016,0.5,0,0.500256,0.016,0.0439615,16,1
0.017,0.5,0,0.500289,0.017,0.0439737,17,1
0.018,0.5,0,0.500324,0.018,0.043986,18,1
0.019,0.5,0,0.500361,0.019,0.0439983,19,1
0.02,0.5,0,0.5004,0.02,0.0440107,20,1
0.021,0.5,0,0.500441,0.021,0.0440234,21,1
0.022,0.5,0,0.500484,0.022,0.0440361,22,1
0.023,0.5,0,0.500529,0.023,0.0440488,23,1
0.024,0.5,0,0.500576,0.024,0.0440618,24,1
0.025,0.5,0,0.500625,0.025,0.0440749,25,1
0.026,0.5,0,0.500676,0.026,0.0440881,26,1
0.027,0.5,0,0.500728,0.027,0.0441012,27,1
0.028,0.5,0,0.500783,0.028,0.0441147,28,1
0.029,0.5,0,0.50084,0.029,0.0441284,29,1
0.03,0.5,0,0.500899,0.03,0.044142,30,1
0.031,0.5,0,0.50096,0.031,0.0441556,31,1
0.032,0.5,0,0.501023,0.032,0.0441696,32,1
0.033,0.5,0,0.501088,0.033,0.0441837,33,1
0.034,0.5,0,0.501155,0.034,0.0441978,34,1
0.035,0.5,0,0.501224,0.035,0.0442119,35,1
0.036,0.5,0,0.501294,0.036,0.0442265,36,1
0.037,0.5,0,0.501367,0.037,0.0442411,37,1
0.038,0.5,0,0.501442,0.038,0.0442557,38,1
0.039,0.5,0,0.501519,0.039,0.0442703,39,1
0.04,0.5,0,0.501597,0.04,0.0442853,40,1
0.041,0.5,0,0.501678,0.041,0.0443004,41,1
0.042,0.5,0,0.501761,0.042,0.0443155,42,1
0.043,0.5,0,0.501846,0.043,0.0443306,43,1
0.044,0.5,0,0.501932,0.044,0.0443462,44,1
0.045,0.5,0,0.502021,0.045,0.0443618,45,1
0.046,0.5,0,0.502112,0.046,0.0443775,46,1
0.047,0.5,0,0.502204,0.047,0.0443931,47,1
0.048,0.5,0,0.502299,0.048,0.0444093,48,1
0.049,0.5,0,0.502395,0.049,0.0444254,49,1
0.05,0.5,0,0.502494,0.05,0.0444415,50,1
0.051,0.5,0,0.502594,0.051,0.0444578,51,1
0.052,0.5,0,0.502697,0.052,0.0444744,52,1
0.053,0.5,0,0.502801,0.053,0.0444911,53,1
0.054,0.5,0,0.502908,0.054,0.0445077,54,1
0.055,0.5,0,0.503016,0.055,0.0445245,55,1
0.056,0.5,0,0.503126,0.056,0.0445417,56,1
0.057,0.5,0,0.503238,0.057,0.0445589,57,1
0.058,0.5,0,0.503353,0.058,0.0445761,58,1
0.059,0.5,0,0.503469,0.059,0.0445936,59,1
0.06,0.5,0,0.503587,0.06,0.0446113,60,1
0.061,0.5,0,0.503707,0.061,0.0446291,61,1
0.062,0.5,0,0.503829,0.062,0.0446468,62,1
0.063,0.5,0,0.503953,0.063,0.0446649,63,1
0.064,0.5,0,0.504079,0.064,0.0446832,64,1
0.065,0.5,0,0.504207,0.065,0.0447015,65,1
0.066,0.5,0,0.504337,0.066,0.0447198,66,1
0.067,0.5,0,0.504469,0.067,0.0447384,67,1
0.068,0.5,0,0.504603,0.068,0.0447573,68,1
0.069,0.5,0,0.504739,0.069,0.0447762,69,1
0.07,0.5,0,0.504876,0.07,0.0447951,70,1
0.071,0.5,0,0.505016,0.071,0.0448144,71,1
0.072,0.5,0,0.505157,0.072,0.0448338,72,1
0.073,0.5,0,0.505301,0.073,0.0448533,73,1
0.074,0.5,0,0.505446,0.074,0.0448728,74,1
0.075,0.5,0,0.505594,0.075,0.0448927,75,1
0.076,0.5,0,0.505743,0.076,0.0449128,76,1
0.077,0.5,0,0.505894,0.077,0.0449328,77,1
0.078,0.5,0,0.506047,0.078,0.0449529,78,1
0.079,0.5,0,0.506203,0.079,0.0449735,79,1
0.08,0.5,0,0.50636,0.08,0.0449942,80,1
0.081,0.5,0,0.506518,0.081,0.0450148,81,1
0.082,0.5,0,0.506679,0.082,0.0450355,82,1
0.083,0.5,0,0.506842,0.083,0.0450568,83,1
0.084,0.5,0,0.507007,0.084,0.0450781,84,1
0.085,0.5,0,0.507174,0.085,0.0450993,85,1
0.086,0.5,0,0.507342,0.086,0.0451207,86,1
0.087,0.5,0,0.507513,0.087,0.0451426,87,1
0.088,0.5,0,0.507685,0.088,0.0451645,88,1
0.089,0.5,0,0.507859,0.089,0.0451864,89,1
0.09,0.5,0,0.508035,0.09,0.0452085,90,1
0.091,0.5,0,0.508214,0.091,0.045231,91,1
0.092,0.5,0,0.508394,0.092,0.0452536,92,1
0.093,0.5,0,0.508575,0.093,0.0452761,93,1
0.094,0.5,0,0.508759,0.094,0.0452989,94,1
0.095,0.5,0,0.508945,0.095,0.0453221,95,1
0.096,0.5,0,0.509133,0.096,0.0453453,96,1
0.097,0.5,0,0.509322,0.097,0.0453685,97,1
0.098,0.5,0,0.509513,0.098,0.045392,98,1
0.099,0.5,0,0.509707,0.099,0.0454158,99,1
0.1,0.5,0,0.509902,0.1,0.0454397,100,1
0.101,0.5,0,0.510099,0.101,0.0454636,101,1
0.102,0.5,0,0.510298,0.102,0.0454878,102,1
0.103,0.5,0,0.510499,0.103,0.0455123,103,1
0.104,0.5,0,0.510701,0.104,0.0455369,104,1
0.105,0.5,0,0.510906,0.105,0.0455615,105,1
0.106,0.5,0,0.511113,0.106,0.0455864,106,1
0.107,0.5,0,0.511321,0.107,0.0456116,107,1
0.108,0.5,0,0.511531,0.108,0.0456369,108,1
0.109,0.5,0,0.511743,0.109,0.0456621,109,1
0.11,0.5,0,0.511957,0.11,0.0456878,110,1
0.111,0.5,0,0.512173,0.111,0.0457138,111,1
0.112,0.5,0,0.51239,0.112,0.0457398,112,1
0.113,0.5,0,0.51261,0.113,0.0457657,113,1
0.114,0.5,0,0.512831,0.114,0.0457922,114,1
0.115,0.5,0,0.513055,0.115,0.0458189,115,1
0.116,0.5,0,0.51328,0.116,0.0458455,116,1
0.117,0.5,0,0.513507,0.117,0.0458722,117,1
0.118,0.5,0,0.513735,0.118,0.0458995,118,1
0.119,0.5,0,0.513966,0.119,0.0459269,119,1
0.12,0.5,0,0.514198,0.12,0.0459543,120,1
0.121,0.5,0,0.514433,0.121,0.0459817,121,1
0.122,0.5,0,0.514669,0.122,0.0460098,122,1
0.123,0.5,0,0.514907,0.123,0.046038,123,1
0.124,0.5,0,0.515147,0.124,0.0460661,124,1
0.125,0.5,0,0.515388,0.125,0.0460943,125,1
0.126,0.5,0,0.515632,0.126,0.0461232,126,1
0.127,0.5,0,0.515877,0.127,0.0461521,127,1
0.128,0.5,0,0.516124,0.128,0.046181,128,1
0.129,0.5,0,0.516373,0.129,0.04621,129,1
0.13,0.5,0,0.516624,0.13,0.0462397,130,1
0.131,0.5,0,0.516876,0.131,0.0462694,131,1
0.132,0.5,0,0.517131,0.132,0.0462991,132,1
0.133,0.5,0,0.517387,0.133,0.0463289,133,1
0.134,0.5,0,0.517645,0.134,0.0463594,134,1
0.135,0.5,0,0.517904,0.135,0.0463899,135,1
0.136,0.5,0,0.518166,0.136,0.0464204,136,1
0.137,0.5,0,0.518429,0.137,0.0464511,137,1
0.138,0.5,0,0.518695,0.138,0.0464824,138,1
0.139,0.5,0,0.518961,0.139,0.0465137,139,1
0.14,0.5,0,0.51923,0.14,0.046545,140,1
0.141,0.5,0,0.519501,0.141,0.0465766,141,1
0.142,0.5,0,0.519773,0.142,0.0466087,142,1
0.143,0.5,0,0.520047,0.143,0.0466408,143,1
0.144,0.5,0,0.520323,0.144,0.0466729,144,1
0.145,0.5,0,0.520601,0.145,0.0467054,145,1
0.146,0.5,0,0.52088,0.146,0.0467383,146,1
0.147,0.5,0,0.521161,0.147,0.0467713,147,1
0.148,0.5,0,0.521444,0.148,0.0468042,148,1
0.149,0.5,0,0.521729,0.149,0.0468377,149,1
0.15,0.5,0,0.522015,0.15,0.0468715,150,1
0.151,0.5,0,0.522304,0.151,0.0469053,151,1
0.152,0.5,0,0.522594,0.152,0.0469391,152,1
0.153,0.5,0,0.522885,0.153,0.0469734,153,1
0.154,0.5,0,0.523179,0.154,0.0470081,154,1
0.155,0.5,0,0.523474,0.155,0.0470428,155,1
0.156,0.5,0,0.523771,0.156,0.0470775,156,1
0.157,0.5,0,0.52407,0.157,0.0471128,157,1
0.158,0.5,0,0.52437,0.158,0.0471484,158,1
0.159,0.5,0,0.524672,0.159,0.047184,159,1
0.16,0.5,0,0.524976,0.16,0.0472195,160,1
0.161,0.5,0,0.525282,0.161,0.0472559,161,1
0.162,0.5,0,0.525589,0.162,0.0472923,162,1
0.163,0.5,0,0.525898,0.163,0.0473288,163,1
0.164,0.5,0,0.526209,0.164,0.0473653,164,1
0.165,0.5,0,0.526522,0.165,0.0474026,165,1
0.166,0.5,0,0.526836,0.166,0.04744,166,1
0.167,0.5,0,0.527152,0.167,0.0474774,167,1
0.168,0.5,0,0.527469,0.168,0.0475148,168,1
0.169,0.5,0,0.527789,0.169,0.0475532,169,1
0.17,0.5,0,0.52811,0.17,0.0475915,170,1
0.171,0.5,0,0.528433,0.171,0.0476299,171,1
0.172,0.5,0,0.528757,0.172,0.0476683,172,1
0.173,0.5,0,0.529083,0.173,0.0477076,173,1
0.174,0.5,0,0.529411,0.174,0.0477469,174,1
0.175,0.5,0,0.529741,0.175,0.0477863,175,1
0.176,0.5,0,0.530072,0.176,0.0478258,176,1
0.177,0.5,0,0.530405,0.177,0.0478661,177,1
0.178,0.5,0,0.530739,0.178,0.0479064,178,1
0.179,0.5,0,0.531075,0.179,0.0479466,179,1
0.18,0.5,0,0.531413,0.18,0.0479872,180,1
0.181,0.5,0,0.531753,0.181,0.0480285,181,1
0.182,0.5,0,0.532094,0.182,0.0480699,182,1
0.183,0.5,0,0.532437,0.183,0.0481112,183,1
0.184,0.5,0,0.532781,0.184,0.0481529,184,1
0.185,0.5,0,0.533128,0.185,0.0481952,185,1
0.186,0.5,0,0.533475,0.186,0.0482375,186,1
0.187,0.5,0,0.533825,0.187,0.0482799,187,1
0.188,0.5,0,0.534176,0.188,0.0483227,188,1
0.189,0.5,0,0.534529,0.189,0.0483661,189,1
0.19,0.5,0,0.534883,0.19,0.0484095,190,1
0.191,0.5,0,0.535239,0.191,0.0484529,191,1
0.192,0.5,0,0.535597,0.192,0.0484969,192,1
0.193,0.5,0,0.535956,0.193,0.0485414,193,1
0.194,0.5,0,0.536317,0.194,0.0485858,194,1
0.195,0.5,0,0.53668,0.195,0.0486303,195,1
0.196,0.5,0,0.537044,0.196,0.0486755,196,1
0.197,0.5,0,0.53741,0.197,0.048721,197,1
0.198,0.5,0,0.537777,0.198,0.0487666,198,1
0.199,0.5,0,0.538146,0.199,0.0488121,199,1
0.2,0.5,0,0.538516,0.2,0.0488585,200,1
0.201,0.5,0,0.538889,0.201,0.0489052,201,1
0.202,0.5,0,0.539262,0.202,0.0489519,202,1
0.203,0.5,0,0.539638,0.203,0.0489986,203,1
0.204,0.5,0,0.540015,0.204,0.0490462,204,1
0.205,0.5,0,0.540393,0.205,0.0490941,205,1
0.206,0.5,0,0.540774,0.206,0.0491419,206,1
0.207,0.5,0,0.541155,0.207,0.0491897,207,1
0.208,0.5,0,0.541539,0.208,0.0492387,208,1
0.209,0.5,0,0.541923,0.209,0.0492877,209,1
0.21,0.5,0,0.54231,0.21,0.0493367,210,1
0.211,0.5,0,0.542698,0.211,0.0493857,211,1
0.212,0.5,0,0.543087,0.212,0.0494359,212,1
0.213,0.5,0,0.543479,0.213,0.0494861,213,1
0.214,0.5,0,0.543871,0.214,0.0495363,214,1
0.215,0.5,0,0.544266,0.215,0.0495867,215,1
0.216,0.5,0,0.544661,0.216,0.0496382,216,1
0.217,0.5,0,0.545059,0.217,0.0496896,217,1
0.218,0.5,0,0.545458,0.218,0.049741,218,1
0.219,0.5,0,0.545858,0.219,0.0497928,219,1
0.22,0.5,0,0.54626,0.22,0.0498455,220,1
0.221,0.5,0,0.546664,0.221,0.0498982,221,1
0.222,0.5,0,0.547069,0.222,0.0499509,222,1
0.223,0.5,0,0.547475,0.223,0.050004,223,1
0.224,0.5,0,0.547883,0.224,0.050058,224,1
0.225,0.5,0,0.548293,0.225,0.050112,225,1
0.226,0.5,0,0.548704,0.226,0.050166,226,1
0.227,0.5,0,0.549117,0.227,0.0502205,227,1
0.228,0.5,0,0.549531,0.228,0.0502758,228,1
0.229,0.5,0,0.549946,0.229,0.0503311,229,1
0.23,0.5,0,0.550364,0.23,0.0503864,230,1
0.231,0.5,0,0.550782,0.231,0.0504424,231,1
0.232,0.5,0,0.551202,0.232,0.0504991,232,1
0.233,0.5,0,0.551624,0.233,0.0505558,233,1
0.234,0.5,0,0.552047,0.234,0.0506124,234,1
0.235,0.5,0,0.552472,0.235,0.05067,235,1
0.236,0.5,0,0.552898,0.236,0.050728,236,1
0.237,0.5,0,0.553325,0.237,0.0507861,237,1
0.238,0.5,0,0.553754,0.238,0.0508441,238,1
0.239,0.5,0,0.554185,0.239,0.0509032,239,1
0.24,0.5,0,0.554617,0.24,0.0509627,240,1
0.241,0.5,0,0.55505,0.241,0.0510221,241,1
0.242,0.5,0,0.555485,0.242,0.0510816,242,1
0.243,0.5,0,0.555922,0.243,0.0511422,243,1
0.244,0.5,0,0.55636,0.244,0.0512032,244,1
0.245,0.5,0,0.556799,0.245,0.0512641,245,1
0.246,0.5,0,0.55724,0.246,0.0513251,246,1
0.247,0.5,0,0.557682,0.247,0.0513874,247,1
0.248,0.5,0,0.558125,0.248,0.0514498,248,1
0.249,0.5,0,0.558571,0.249,0.0515123,249,1
0.25,0.5,0,0.559017,0.25,0.0515747,250,1
0.251,0.5,0,0.559465,0.251,0.0516387,251,1
0.252,0.5,0,0.559914,0.252,0.0517027,252,1
0.253,0.5,0,0.560365,0.253,0.0517667,253,1
0.254,0.5,0,0.560817,0.254,0.0518308,254,1
0.255,0.5,0,0.561271,0.255,0.0518963,255,1
0.256,0.5,0,0.561726,0.256,0.0519619,256,1
0.257,0.5,0,0.562182,0.257,0.0520275,257,1
0.258,0.5,0,0.56264,0.258,0.0520933,258,1
0.259,0.5,0,0.563099,0.259,0.0521605,259,1
0.26,0.5,0,0.56356,0.26,0.0522277,260,1
0.261,0.5,0,0.564022,0.261,0.0522949,261,1
0.262,0.5,0,0.564486,0.262,0.0523625,262,1
0.263,0.5,0,0.56495,0.263,0.0524314,263,1
0.264,0.5,0,0.565417,0.264,0.0525002,264,1
0.265,0.5,0,0.565884,0.265,0.0525691,265,1
0.266,0.5,0,0.566353,0.266,0.0526386,266,1
0.267,0.5,0,0.566824,0.267,0.0527091,267,1
0.268,0.5,0,0.567295,0.268,0.0527797,268,1
0.269,0.5,0,0.567768,0.269,0.0528503,269,1
0.27,0.5,0,0.568243,0.27,0.0529217,270,1
0.271,0.5,0,0.568719,0.271,0.052994,271,1
0.272,0.5,0,0.569196,0.272,0.0530663,272,1
0.273,0.5,0,0.569674,0.273,0.0531386,273,1
0.274,0.5,0,0.570154,0.274,0.053212,274,1
0.275,0.5,0,0.570636,0.275,0.0532861,275,1
0.276,0.5,0,0.571118,0.276,0.0533602,276,1
0.277,0.5,0,0.571602,0.277,0.0534344,277,1
0.278,0.5,0,0.572087,0.278,0.0535098,278,1
0.279,0.5,0,0.572574,0.279,0.0535858,279,1
0.28,0.5,0,0.573062,0.28,0.0536618,280,1
0.281,0.5,0,0.573551,0.281,0.0537378,281,1
0.282,0.5,0,0.574042,0.282,0.0538152,282,1
0.283,0.5,0,0.574534,0.283,0.0538932,283,1
0.284,0.5,0,0.575027,0.284,0.0539711,284,1
0.285,0.5,0,0.575522,0.285,0.054049,285,1
0.286,0.5,0,0.576017,0.286,0.0541286,286,1
0.287,0.5,0,0.576515,0.287,0.0542085,287,1
0.288,0.5,0,0.577013,0.288,0.0542884,288,1
0.289,0.5,0,0.577513,0.289,0.0543683,289,1
0.29,0.5,0,0.578014,0.29,0.0544501,290,1
0.291,0.5,0,0.578516,0.291,0.054532,291,1
0.292,0.5,0,0.57902,0.292,0.054614,292,1
0.293,0.5,0,0.579525,0.293,0.0546959,293,1
0.294,0.5,0,0.580031,0.294,0.05478,294,1
0.295,0.5,0,0.580539,0.295,0.054864,295,1
0.296,0.5,0,0.581047,0.296,0.054948,296,1
0.297,0.5,0,0.581557,0.297,0.0550323,297,1
0.298,0.5,0,0.582069,0.298,0.0551185,298,1
0.299,0.5,0,0.582581,0.299,0.0552047,299,1
0.3,0.5,0,0.583095,0.3,0.0552909,300,1
0.301,0.5,0,0.58361,0.301,0.0553775,301,1
0.302,0.5,0,0.584127,0.302,0.0554659,302,1
0.303,0.5,0,0.584644,0.303,0.0555543,303,1
0.304,0.5,0,0.585163,0.304,0.0556427,304,1
0.305,0.5,0,0.585683,0.305,0.0557318,305,1
0.306,0.5,0,0.586205,0.306,0.0558225,306,1
0.307,0.5,0,0.586727,0.307,0.0559132,307,1
0.308,0.5,0,0.587251,0.308,0.0560039,308,1
0.309,0.5,0,0.587776,0.309,0.0560956,309,1
0.31,0.5,0,0.588303,0.31,0.0561886,310,1
0.311,0.5,0,0.58883,0.311,0.0562817,311,1
0.312,0.5,0,0.589359,0.312,0.0563747,312,1
0.313,0.5,0,0.589889,0.313,0.056469,313,1
0.314,0.5,0,0.59042,0.314,0.0565645,314,1
0.315,0.5,0,0.590953,0.315,0.05666,315,1
0.316,0.5,0,0.591486,0.316,0.0567555,316,1
0.317,0.5,0,0.592021,0.317,0.0568525,317,1
0.318,0.5,0,0.592557,0.318,0.0569505,318,1
0.319,0.5,0,0.593094,0.319,0.0570485,319,1
0.32,0.5,0,0.593633,0.32,0.0571465,320,1
0.321,0.5,0,0.594173,0.321,0.0572463,321,1
0.322,0.5,0,0.594713,0.322,0.0573468,322,1
0.323,0.5,0,0.595255,0.323,0.0574474,323,1
0.324,0.5,0,0.595799,0.324,0.057548,324,1
0.325,0.5,0,0.596343,0.325,0.0576507,325,1
0.326,0.5,0,0.596889,0.326,0.0577539,326,1
0.327,0.5,0,0.597435,0.327,0.0578572,327,1
0.328,0.5,0,0.597983,0.328,0.0579605,328,1
0.329,0.5,0,0.598532,0.329,0.0580662,329,1
0.33,0.5,0,0.599083,0.33,0.0581722,330,1
0.331,0.5,0,0.599634,0.331,0.0582782,331,1
0.332,0.5,0,0.600187,0.332,0.0583843,332,1
0.333,0.5,0,0.60074,0.333,0.058493,333,1
0.334,0.5,0,0.601295,0.334,0.0586019,334,1
0.335,0.5,0,0.601851,0.335,0.0587108,335,1
0.336,0.5,0,0.602408,0.336,0.0588198,336,1
0.337,0.5,0,0.602967,0.337,0.0589316,337,1
0.338,0.5,0,0.603526,0.338,0.0590435,338,1
0.339,0.5,0,0.604087,0.339,0.0591553,339,1
0.34,0.5,0,0.604649,0.34,0.0592676,340,1
0.341,0.5,0,0.605212,0.341,0.0593825,341,1
0.342,0.5,0,0.605776,0.342,0.0594974,342,1
0.343,0.5,0,0.606341,0.343,0.0596122,343,1
0.344,0.5,0,0.606907,0.344,0.0597279,344,1
0.345,0.5,0,0.607474,0.345,0.0598459,345,1
0.346,0.5,0,0.608043,0.346,0.0599639,346,1
0.347,0.5,0,0.608612,0.347,0.0600819,347,1
0.348,0.5,0,0.609183,0.348,0.0602011,348,1
0.349,0.5,0,0.609755,0.349,0.0603223,349,1
0.35,0.5,0,0.610328,0.35,0.0604436,350,1
0.351,0.5,0,0.610902,0.351,0.0605649,351,1
0.352,0.5,0,0.611477,0.352,0.0606876,352,1
0.353,0.5,0,0.612053,0.353,0.0608122,353,1
0.354,0.5,0,0.61263,0.354,0.0609368,354,1
0.355,0.5,0,0.613209,0.355,0.0610614,355,1
0.356,0.5,0,0.613788,0.356,0.0611878,356,1
0.357,0.5,0,0.614369,0.357,0.0613159,357,1
0.358,0.5,0,0.61495,0.358,0.061444,358,1
0.359,0.5,0,0.615533,0.359,0.0615721,359,1
0.36,0.5,0,0.616117,0.36,0.0617025,360,1
0.361,0.5,0,0.616702,0.361,0.0618342,361,1
0.362,0.5,0,0.617288,0.362,0.0619659,362,1
0.363,0.5,0,0.617875,0.363,0.0620975,363,1
0.364,0.5,0,0.618463,0.364,0.0622319,364,1
0.365,0.5,0,0.619052,0.365,0.0623673,365,1
0.366,0.5,0,0.619642,0.366,0.0625026,366,1
0.367,0.5,0,0.620233,0.367,0.062638,367,1
0.368,0.5,0,0.620825,0.368,0.0627765,368,1
0.369,0.5,0,0.621419,0.369,0.0629158,369,1
0.37,0.5,0,0.622013,0.37,0.063055,370,1
0.371,0.5,0,0.622608,0.371,0.0631943,371,1
0.372,0.5,0,0.623205,0.372,0.0633371,372,1
0.373,0.5,0,0.623802,0.373,0.0634804,373,1
0.374,0.5,0,0.6244,0.374,0.0636236,374,1
0.375,0.5,0,0.625,0.375,0.0637668,375,1
0.376,0.5,0,0.625601,0.376,0.0639142,376,1
0.377,0.5,0,0.626202,0.377,0.0640615,377,1
0.378,0.5,0,0.626805,0.378,0.0642089,378,1
0.379,0.5,0,0.627408,0.379,0.0643566,379,1
0.38,0.5,0,0.628013,0.38,0.0645082,380,1
0.381,0.5,0,0.628618,0.381,0.0646598,381,1
0.382,0.5,0,0.629225,0.382,0.0648115,382,1
0.383,0.5,0,0.629833,0.383,0.0649639,383,1
0.384,0.5,0,0.630441,0.384,0.0651199,384,1
0.385,0.5,0,0.631051,0.385,0.0652759,385,1
0.386,0.5,0,0.631661,0.386,0.0654318,386,1
0.387,0.5,0,0.632273,0.387,0.0655891,387,1
0.388,0.5,0,0.632885,0.388,0.0657497,388,1
0.389,0.5,0,0.633499,0.389,0.0659103,389,1
0.39,0.5,0,0.634114,0.39,0.0660709,390,1
0.391,0.5,0,0.634729,0.391,0.0662333,391,1
0.392,0.5,0,0.635346,0.392,0.0663986,392,1
0.393,0.5,0,0.635963,0.393,0.0665639,393,1
0.394,0.5,0,0.636581,0.394,0.0667293,394,1
0.395,0.5,0,0.637201,0.395,0.0668969,395,1
0.396,0.5,0,0.637821,0.396,0.0670671,396,1
0.397,0.5,0,0.638443,0.397,0.0672373,397,1
0.398,0.5,0,0.639065,0.398,0.0674075,398,1
0.399,0.5,0,0.639688,0.399,0.0675805,399,1
0.4,0.5,0,0.640312,0.4,0.0677558,400,1
0.401,0.5,0,0.640938,0.401,0.0679311,401,1
0.402,0.5,0,0.641564,0.402,0.0681065,402,1
0.403,0.5,0,0.642191,0.403,0.0682852,403,1
0.404,0.5,0,0.642819,0.404,0.0684658,404,1
0.405,0.5,0,0.643448,0.405,0.0686464,405,1
0.406,0.5,0,0.644078,0.406,0.068827,406,1
0.407,0.5,0,0.644708,0.407,0.0690116,407,1
0.408,0.5,0,0.64534,0.408,0.0691977,408,1
0.409,0.5,0,0.645973,0.409,0.0693837,409,1
0.41,0.5,0,0.646607,0.41,0.0695697,410,1
0.411,0.5,0,0.647241,0.411,0.0697605,411,1
0.412,0.5,0,0.647877,0.412,0.0699522,412,1
0.413,0.5,0,0.648513,0.413,0.0701439,413,1
0.414,0.5,0,0.64915,0.414,0.0703356,414,1
0.415,0.5,0,0.649788,0.415,0.0705328,415,1
0.416,0.5,0,0.650428,0.416,0.0707303,416,1
0.417,0.5,0,0.651068,0.417,0.0709278,417,1
0.418,0.5,0,0.651709,0.418,0.0711254,418,1
0.419,0.5,0,0.65235,0.419,0.0713291,419,1
0.42,0.5,0,0.652993,0.42,0.0715327,420,1
0.421,0.5,0,0.653637,0.421,0.0717363,421,1
0.422,0.5,0,0.654281,0.422,0.0719407,422,1
0.423,0.5,0,0.654927,0.423,0.0721507,423,1
0.424,0.5,0,0.655573,0.424,0.0723606,424,1
0.425,0.5,0,0.65622,0.425,0.0725705,425,1
0.426,0.5,0,0.656868,0.426,0.0727819,426,1
0.427,0.5,0,0.657517,0.427,0.0729983,427,1
0.428,0.5,0,0.658167,0.428,0.0732147,428,1
0.429,0.5,0,0.658818,0.429,0.0734311,429,1
0.43,0.5,0,0.659469,0.43,0.0736497,430,1
0.431,0.5,0,0.660122,0.431,0.0738729,431,1
0.432,0.5,0,0.660775,0.432,0.0740962,432,1
0.433,0.5,0,0.66143,0.433,0.0743194,433,1
0.434,0.5,0,0.662085,0.434,0.0745455,434,1
0.435,0.5,0,0.662741,0.435,0.0747758,435,1
0.436,0.5,0,0.663397,0.436,0.0750061,436,1
0.437,0.5,0,0.664055,0.437,0.0752363,437,1
0.438,0.5,0,0.664714,0.438,0.0754703,438,1
0.439,0.5,0,0.665373,0.439,0.0757078,439,1
0.44,0.5,0,0.666033,0.44,0.0759454,440,1
0.441,0.5,0,0.666694,0.441,0.076183,441,1
0.442,0.5,0,0.667356,0.442,0.076425,442,1
0.443,0.5,0,0.668019,0.443,0.0766702,443,1
0.444,0.5,0,0.668682,0.444,0.0769153,444,1
0.445,0.5,0,0.669347,0.445,0.0771604,445,1
0.446,0.5,0,0.670012,0.446,0.0774109,446,1
0.447,0.5,0,0.670678,0.447,0.0776639,447,1
0.448,0.5,0,0.671345,0.448,0.0779168,448,1
0.449,0.5,0,0.672013,0.449,0.0781697,449,1
0.45,0.5,0,0.672681,0.45,0.078429,450,1
0.451,0.5,0,0.673351,0.451,0.0786902,451,1
0.452,0.5,0,0.674021,0.452,0.0789513,452,1
0.453,0.5,0,0.674692,0.453,0.0792124,453,1
0.454,0.5,0,0.675364,0.454,0.079481,454,1
0.455,0.5,0,0.676036,0.455,0.0797506,455,1
0.456,0.5,0,0.67671,0.456,0.0800202,456,1
0.457,0.5,0,0.677384,0.457,0.0802897,457,1
0.458,0.5,0,0.678059,0.458,0.0805678,458,1
0.459,0.5,0,0.678735,0.459,0.0808461,459,1
0.46,0.5,0,0.679412,0.46,0.0811244,460,1
0.461,0.5,0,0.680089,0.461,0.0814032,461,1
0.462,0.5,0,0.680767,0.462,0.0816907,462,1
0.463,0.5,0,0.681446,0.463,0.0819782,463,1
0.464,0.5,0,0.682126,0.464,0.0822656,464,1
0.465,0.5,0,0.682807,0.465,0.0825546,465,1
0.466,0.5,0,0.683488,0.466,0.0828515,466,1
0.467,0.5,0,0.68417,0.467,0.0831484,467,1
0.468,0.5,0,0.684853,0.468,0.0834454,468,1
0.469,0.5,0,0.685537,0.469,0.0837447,469,1
0.47,0.5,0,0.686222,0.47,0.0840515,470,1
0.471,0.5,0,0.686907,0.471,0.0843582,471,1
0.472,0.5,0,0.687593,0.472,0.084665,472,1
0.473,0.5,0,0.68828,0.473,0.0849752,473,1
0.474,0.5,0,0.688967,0.474,0.0852922,474,1
0.475,0.5,0,0.689656,0.475,0.0856091,475,1
0.476,0.5,0,0.690345,0.476,0.085926,476,1
0.477,0.5,0,0.691035,0.477,0.0862475,477,1
0.478,0.5,0,0.691725,0.478,0.086575,478,1
0.479,0.5,0,0.692417,0.479,0.0869024,479,1
0.48,0.5,0,0.693109,0.48,0.0872298,480,1
0.481,0.5,0,0.693802,0.481,0.0875631,481,1
0.482,0.5,0,0.694495,0.482,0.0879016,482,1
0.483,0.5,0,0.69519,0.483,0.0882401,483,1
0.484,0.5,0,0.695885,0.484,0.0885786,484,1
0.485,0.5,0,0.696581,0.485,0.0889243,485,1
0.486,0.5,0,0.697278,0.486,0.0892742,486,1
0.487,0.5,0,0.697975,0.487,0.0896241,487,1
0.488,0.5,0,0.698673,0.488,0.089974,488,1
0.489,0.5,0,0.699372,0.489,0.0903323,489,1
0.49,0.5,0,0.700071,0.49,0.090694,490,1
0.491,0.5,0,0.700772,0.491,0.0910556,491,1
0.492,0.5,0,0.701473,0.492,0.0914173,492,1
0.493,0.5,0,0.702174,0.493,0.091789,493,1
0.494,0.5,0,0.702877,0.494,0.0921631,494,1
0.495,0.5,0,0.70358,0.495,0.0925371,495,1
0.496,0.5,0,0.704284,0.496,0.0929112,496,1
0.497,0.5,0,0.704989,0.497,0.0932968,497,1
0.498,0.5,0,0.705694,0.498,0.0936836,498,1
0.499,0.5,0,0.7064,0.499,0.0940705,499,1
0.5,0.5,0,0.707107,0.5,0.0944573,500,1
0.501,0.5,0,0.707814,0.501,0.0948574,501,1
0.502,0.5,0,0.708522,0.502,0.0952575,502,1
0.503,0.5,0,0.709231,0.503,0.0956576,503,1
0.504,0.5,0,0.709941,0.504,0.096059,504,1
0.505,0.5,0,0.710651,0.505,0.0964729,505,1
0.506,0.5,0,0.711362,0.506,0.0968868,506,1
0.507,0.5,0,0.712074,0.507,0.0973007,507,1
0.508,0.5,0,0.712786,0.508,0.0977172,508,1
0.509,0.5,0,0.713499,0.509,0.0981453,509,1
0.51,0.5,0,0.714213,0.51,0.0985734,510,1
0.511,0.5,0,0.714927,0.511,0.0990015,511,1
0.512,0.5,0,0.715642,0.512,0.0994339,512,1
0.513,0.5,0,0.716358,0.513,0.099877,513,1
0.514,0.5,0,0.717075,0.514,0.10032,514,1
0.515,0.5,0,0.717792,0.515,0.100763,515,1
0.516,0.5,0,0.71851,0.516,0.101212,516,1
0.517,0.5,0,0.719228,0.517,0.101671,517,1
0.518,0.5,0,0.719947,0.518,0.102129,518,1
0.519,0.5,0,0.720667,0.519,0.102588,519,1
0.52,0.5,0,0.721388,0.52,0.103054,520,1
0.521,0.5,0,0.722109,0.521,0.103528,521,1
0.522,0.5,0,0.722831,0.522,0.104003,522,1
0.523,0.5,0,0.723553,0.523,0.104477,523,1
0.524,0.5,0,0.724276,0.524,0.104961,524,1
0.525,0.5,0,0.725,0.525,0.105452,525,1
0.526,0.5,0,0.725724,0.526,0.105944,526,1
0.527,0.5,0,0.72645,0.527,0.106435,527,1
0.528,0.5,0,0.727175,0.528,0.106937,528,1
0.529,0.5,0,0.727902,0.529,0.107446,529,1
0.53,0.5,0,0.728629,0.53,0.107955,530,1
0.531,0.5,0,0.729357,0.531,0.108463,531,1
0.532,0.5,0,0.730085,0.532,0.108985,532,1
0.533,0.5,0,0.730814,0.533,0.109512,533,1
0.534,0.5,0,0.731544,0.534,0.110039,534,1
0.535,0.5,0,0.732274,0.535,0.110565,535,1
0.536,0.5,0,0.733005,0.536,0.111108,536,1
0.537,0.5,0,0.733736,0.537,0.111653,537,1
0.538,0.5,0,0.734469,0.538,0.112198,538,1
0.539,0.5,0,0.735201,0.539,0.112744,539,1
0.54,0.5,0,0.735935,0.54,0.113307,540,1
0.541,0.5,0,0.736669,0.541,0.113872,541,1
0.542,0.5,0,0.737404,0.542,0.114436,542,1
0.543,0.5,0,0.738139,0.543,0.115002,543,1
0.544,0.5,0,0.738875,0.544,0.115587,544,1
0.545,0.5,0,0.739611,0.545,0.116172,545,1
0.546,0.5,0,0.740349,0.546,0.116757,546,1
0.547,0.5,0,0.741086,0.547,0.117344,547,1
0.548,0.5,0,0.741825,0.548,0.11795,548,1
0.549,0.5,0,0.742564,0.549,0.118556,549,1
0.55,0.5,0,0.743303,0.55,0.119162,550,1
0.551,0.5,0,0.744044,0.551,0.119773,551,1
0.552,0.5,0,0.744785,0.552,0.1204,552,1
0.553,0.5,0,0.745526,0.553,0.121028,553,1
0.554,0.5,0,0.746268,0.554,0.121656,554,1
0.555,0.5,0,0.747011,0.555,0.122291,555,1
0.556,0.5,0,0.747754,0.556,0.122941,556,1
0.557,0.5,0,0.748498,0.557,0.123591,557,1
0.558,0.5,0,0.749242,0.558,0.124242,558,1
0.559,0.5,0,0.749987,0.559,0.124902,559,1
0.56,0.5,0,0.750733,0.56,0.125576,560,1
0.561,0.5,0,0.751479,0.561,0.12625,561,1
0.562,0.5,0,0.752226,0.562,0.126924,562,1
0.563,0.5,0,0.752973,0.563,0.12761,563,1
0.564,0.5,0,0.753721,0.564,0.128309,564,1
0.565,0.5,0,0.75447,0.565,0.129008,565,1
0.566,0.5,0,0.755219,0.566,0.129706,566,1
0.567,0.5,0,0.755969,0.567,0.13042,567,1
0.568,0.5,0,0.756719,0.568,0.131144,568,1
0.569,0.5,0,0.75747,0.569,0.131868,569,1
0.57,0.5,0,0.758222,0.57,0.132592,570,1
0.571,0.5,0,0.758974,0.571,0.133334,571,1
0.572,0.5,0,0.759726,0.572,0.134084,572,1
0.573,0.5,0,0.760479,0.573,0.134834,573,1
0.574,0.5,0,0.761233,0.574,0.135585,574,1
0.575,0.5,0,0.761988,0.575,0.136357,575,1
0.576,0.5,0,0.762742,0.576,0.137134,576,1
0.577,0.5,0,0.763498,0.577,0.137912,577,1
0.578,0.5,0,0.764254,0.578,0.13869,578,1
0.579,0.5,0,0.76501,0.579,0.139493,579,1
0.58,0.5,0,0.765768,0.58,0.1403,580,1
0.581,0.5,0,0.766525,0.581,0.141106,581,1
0.582,0.5,0,0.767284,0.582,0.141913,582,1
0.583,0.5,0,0.768042,0.583,0.142748,583,1
0.584,0.5,0,0.768802,0.584,0.143584,584,1
0.585,0.5,0,0.769562,0.585,0.14442,585,1
0.586,0.5,0,0.770322,0.586,0.145258,586,1
0.587,0.5,0,0.771083,0.587,0.146125,587,1
0.588,0.5,0,0.771845,0.588,0.146993,588,1
0.589,0.5,0,0.772607,0.589,0.14786,589,1
0.59,0.5,0,0.773369,0.59,0.148732,590,1
0.591,0.5,0,0.774132,0.591,0.149631,591,1
0.592,0.5,0,0.774896,0.592,0.150531,592,1
0.593,0.5,0,0.77566,0.593,0.15143,593,1
0.594,0.5,0,0.776425,0.594,0.152337,594,1
0.595,0.5,0,0.77719,0.595,0.15327,595,1
0.596,0.5,0,0.777956,0.596,0.154203,596,1
0.597,0.5,0,0.778723,0.597,0.155135,597,1
0.598,0.5,0,0.77949,0.598,0.15608,598,1
0.599,0.5,0,0.780257,0.599,0.157047,599,1
0.6,0.5,0,0.781025,0.6,0.158015,600,1
0.601,0.5,0,0.781793,0.601,0.158982,601,1
0.602,0.5,0,0.782562,0.602,0.159965,602,1
0.603,0.5,0,0.783332,0.603,0.160968,603,1
0.604,0.5,0,0.784102,0.604,0.161971,604,1
0.605,0.5,0,0.784873,0.605,0.162974,605,1
0.606,0.5,0,0.785644,0.606,0.163998,606,1
0.607,0.5,0,0.786415,0.607,0.165038,607,1
0.608,0.5,0,0.787187,0.608,0.166079,608,1
0.609,0.5,0,0.78796,0.609,0.16712,609,1
0.61,0.5,0,0.788733,0.61,0.168185,610,1
0.611,0.5,0,0.789507,0.611,0.169265,611,1
0.612,0.5,0,0.790281,0.612,0.170345,612,1
0.613,0.5,0,0.791056,0.613,0.171425,613,1
0.614,0.5,0,0.791831,0.614,0.172534,614,1
0.615,0.5,0,0.792606,0.615,0.173654,615,1
0.616,0.5,0,0.793383,0.616,0.174774,616,1
0.617,0.5,0,0.794159,0.617,0.175894,617,1
0.618,0.5,0,0.794936,0.618,0.177049,618,1
0.619,0.5,0,0.795714,0.619,0.178211,619,1
0.62,0.5,0,0.796492,0.62,0.179374,620,1
0.621,0.5,0,0.797271,0.621,0.180536,621,1
0.622,0.5,0,0.79805,0.622,0.181738,622,1
0.623,0.5,0,0.79883,0.623,0.182945,623,1
0.624,0.5,0,0.79961,0.624,0.184151,624,1
0.625,0.5,0,0.800391,0.625,0.185357,625,1
0.626,0.5,0,0.801172,0.626,0.186609,626,1
0.627,0.5,0,0.801953,0.627,0.187861,627,1
0.628,0.5,0,0.802735,0.628,0.189113,628,1
0.629,0.5,0,0.803518,0.629,0.190369,629,1
0.63,0.5,0,0.804301,0.63,0.191668,630,1
0.631,0.5,0,0.805084,0.631,0.192967,631,1
0.632,0.5,0,0.805869,0.632,0.194267,632,1
0.633,0.5,0,0.806653,0.633,0.195575,633,1
0.634,0.5,0,0.807438,0.634,0.196923,634,1
0.635,0.5,0,0.808223,0.635,0.198271,635,1
0.636,0.5,0,0.809009,0.636,0.199619,636,1
0.637,0.5,0,0.809796,0.637,0.200982,637,1
0.638,0.5,0,0.810583,0.638,0.202381,638,1
0.639,0.5,0,0.81137,0.639,0.203781,639,1
0.64,0.5,0,0.812158,0.64,0.20518,640,1
0.641,0.5,0,0.812946,0.641,0.2066,641,1
0.642,0.5,0,0.813735,0.642,0.208052,642,1
0.643,0.5,0,0.814524,0.643,0.209505,643,1
0.644,0.5,0,0.815313,0.644,0.210958,644,1
0.645,0.5,0,0.816104,0.645,0.212436,645,1
0.646,0.5,0,0.816894,0.646,0.213944,646,1
0.647,0.5,0,0.817685,0.647,0.215452,647,1
0.648,0.5,0,0.818477,0.648,0.216959,648,1
0.649,0.5,0,0.819269,0.649,0.218499,649,1
0.65,0.5,0,0.820061,0.65,0.220065,650,1
0.651,0.5,0,0.820854,0.651,0.22163,651,1
0.652,0.5,0,0.821647,0.652,0.223196,652,1
0.653,0.5,0,0.822441,0.653,0.224801,653,1
0.654,0.5,0,0.823235,0.654,0.226426,654,1
0.655,0.5,0,0.82403,0.655,0.228051,655,1
0.656,0.5,0,0.824825,0.656,0.229677,656,1
0.657,0.5,0,0.82562,0.657,0.231349,657,1
0.658,0.5,0,0.826416,0.658,0.233036,658,1
0.659,0.5,0,0.827213,0.659,0.234723,659,1
0.66,0.5,0,0.82801,0.66,0.236411,660,1
0.661,0.5,0,0.828807,0.661,0.238153,661,1
0.662,0.5,0,0.829605,0.662,0.239905,662,1
0.663,0.5,0,0.830403,0.663,0.241657,663,1
0.664,0.5,0,0.831202,0.664,0.243409,664,1
0.665,0.5,0,0.832001,0.665,0.245224,665,1
0.666,0.5,0,0.8328,0.666,0.247043,666,1
0.667,0.5,0,0.8336,0.667,0.248861,667,1
0.668,0.5,0,0.8344,0.668,0.250682,668,1
0.669,0.5,0,0.835201,0.669,0.252572,669,1
0.67,0.5,0,0.836002,0.67,0.254461,670,1
0.671,0.5,0,0.836804,0.671,0.25635,671,1
0.672,0.5,0,0.837606,0.672,0.258248,672,1
0.673,0.5,0,0.838409,0.673,0.26021,673,1
0.674,0.5,0,0.839212,0.674,0.262172,674,1
0.675,0.5,0,0.840015,0.675,0.264133,675,1
0.676,0.5,0,0.840819,0.676,0.266112,676,1
0.677,0.5,0,0.841623,0.677,0.268148,677,1
0.678,0.5,0,0.842427,0.678,0.270185,678,1
0.679,0.5,0,0.843233,0.679,0.272222,679,1
0.68,0.5,0,0.844038,0.68,0.274284,680,1
0.681,0.5,0,0.844844,0.681,0.276399,681,1
0.682,0.5,0,0.84565,0.682,0.278515,682,1
0.683,0.5,0,0.846457,0.683,0.280631,683,1
0.684,0.5,0,0.847264,0.684,0.28278,684,1
0.685,0.5,0,0.848071,0.685,0.284977,685,1
0.686,0.5,0,0.848879,0.686,0.287175,686,1
0.687,0.5,0,0.849688,0.687,0.289372,687,1
0.688,0.5,0,0.850496,0.688,0.291612,688,1
0.689,0.5,0,0.851305,0.689,0.293895,689,1
0.69,0.5,0,0.852115,0.69,0.296177,690,1
0.691,0.5,0,0.852925,0.691,0.298459,691,1
0.692,0.5,0,0.853735,0.692,0.300794,692,1
0.693,0.5,0,0.854546,0.693,0.303165,693,1
0.694,0.5,0,0.855357,0.694,0.305536,694,1
0.695,0.5,0,0.856169,0.695,0.307906,695,1
0.696,0.5,0,0.856981,0.696,0.31034,696,1
0.697,0.5,0,0.857793,0.697,0.312802,697,1
0.698,0.5,0,0.858606,0.698,0.315263,698,1
0.699,0.5,0,0.859419,0.699,0.317725,699,1
0.7,0.5,0,0.860233,0.7,0.320262,700,1
0.701,0.5,0,0.861046,0.701,0.32282,701,1
0.702,0.5,0,0.861861,0.702,0.325378,702,1
0.703,0.5,0,0.862675,0.703,0.327936,703,1
0.704,0.5,0,0.863491,0.704,0.330581,704,1
0.705,0.5,0,0.864306,0.705,0.333238,705,1
0.706,0.5,0,0.865122,0.706,0.335895,706,1
0.707,0.5,0,0.865938,0.707,0.338552,707,1
0.708,0.5,0,0.866755,0.708,0.341309,708,1
0.709,0.5,0,0.867572,0.709,0.344068,709,1
0.71,0.5,0,0.868389,0.71,0.346828,710,1
0.711,0.5,0,0.869207,0.711,0.349594,711,1
0.712,0.5,0,0.870025,0.712,0.352462,712,1
0.713,0.5,0,0.870844,0.713,0.355329,713,1
0.714,0.5,0,0.871663,0.714,0.358197,714,1
0.715,0.5,0,0.872482,0.715,0.361082,715,1
0.716,0.5,0,0.873302,0.716,0.364061,716,1
0.717,0.5,0,0.874122,0.717,0.367041,717,1
0.718,0.5,0,0.874942,0.718,0.37002,718,1
0.719,0.5,0,0.875763,0.719,0.373028,719,1
0.72,0.5,0,0.876584,0.72,0.376123,720,1
0.721,0.5,0,0.877406,0.721,0.379219,721,1
0.722,0.5,0,0.878228,0.722,0.382314,722,1
0.723,0.5,0,0.87905,0.723,0.38545,723,1
0.724,0.5,0,0.879873,0.724,0.388666,724,1
0.725,0.5,0,0.880696,0.725,0.391882,725,1
0.726,0.5,0,0.881519,0.726,0.395098,726,1
0.727,0.5,0,0.882343,0.727,0.398368,727,1
0.728,0.5,0,0.883167,0.728,0.401709,728,1
0.729,0.5,0,0.883991,0.729,0.405049,729,1
0.73,0.5,0,0.884816,0.73,0.40839,730,1
0.731,0.5,0,0.885642,0.731,0.4118,731,1
0.732,0.5,0,0.886467,0.732,0.415272,732,1
0.733,0.5,0,0.887293,0.733,0.418744,733,1
0.734,0.5,0,0.888119,0.734,0.422215,734,1
0.735,0.5,0,0.888946,0.735,0.425772,735,1
0.736,0.5,0,0.889773,0.736,0.429379,736,1
0.737,0.5,0,0.8906,0.737,0.432987,737,1
0.738,0.5,0,0.891428,0.738,0.436594,738,1
0.739,0.5,0,0.892256,0.739,0.440302,739,1
0.74,0.5,0,0.893085,0.74,0.44405,740,1
0.741,0.5,0,0.893913,0.741,0.447797,741,1
0.742,0.5,0,0.894742,0.742,0.451545,742,1
0.743,0.5,0,0.895572,0.743,0.455412,743,1
0.744,0.5,0,0.896402,0.744,0.459307,744,1
0.745,0.5,0,0.897232,0.745,0.463202,745,1
0.746,0.5,0,0.898062,0.746,0.467097,746,1
0.747,0.5,0,0.898893,0.747,0.47113,747,1
0.748,0.5,0,0.899724,0.748,0.475178,748,1
0.749,0.5,0,0.900556,0.749,0.479226,749,1
0.75,0.5,0,0.901388,0.75,0.483273,750,1
0.751,0.5,0,0.90222,0.751,0.487479,751,1
0.752,0.5,0,0.903053,0.752,0.491686,752,1
0.753,0.5,0,0.903886,0.753,0.495892,753,1
0.754,0.5,0,0.904719,0.754,0.500113,754,1
0.755,0.5,0,0.905552,0.755,0.504484,755,1
0.756,0.5,0,0.906386,0.756,0.508855,756,1
0.757,0.5,0,0.907221,0.757,0.513227,757,1
0.758,0.5,0,0.908055,0.758,0.51763,758,1
0.759,0.5,0,0.90889,0.759,0.522171,759,1
0.76,0.5,0,0.909725,0.76,0.526712,760,1
0.761,0.5,0,0.910561,0.761,0.531254,761,1
0.762,0.5,0,0.911397,0.762,0.535846,762,1
0.763,0.5,0,0.912233,0.763,0.540567,763,1
0.764,0.5,0,0.91307,0.764,0.545287,764,1
0.765,0.5,0,0.913906,0.765,0.550008,765,1
0.766,0.5,0,0.914744,0.766,0.554798,766,1
0.767,0.5,0,0.915581,0.767,0.559705,767,1
0.768,0.5,0,0.916419,0.768,0.564611,768,1
0.769,0.5,0,0.917257,0.769,0.569517,769,1
0.77,0.5,0,0.918096,0.77,0.574513,770,1
0.771,0.5,0,0.918935,0.771,0.579611,771,1
0.772,0.5,0,0.919774,0.772,0.584709,772,1
0.773,0.5,0,0.920613,0.773,0.589807,773,1
0.774,0.5,0,0.921453,0.774,0.595018,774,1
0.775,0.5,0,0.922293,0.775,0.600317,775,1
0.776,0.5,0,0.923134,0.776,0.605617,776,1
0.777,0.5,0,0.923975,0.777,0.610917,777,1
0.778,0.5,0,0.924816,0.778,0.616353,778,1
0.779,0.5,0,0.925657,0.779,0.621861,779,1
0.78,0.5,0,0.926499,0.78,0.627369,780,1
0.781,0.5,0,0.927341,0.781,0.632877,781,1
0.782,0.5,0,0.928183,0.782,0.638548,782,1
0.783,0.5,0,0.929026,0.783,0.644272,783,1
0.784,0.5,0,0.929869,0.784,0.649997,784,1
0.785,0.5,0,0.930712,0.785,0.655722,785,1
0.786,0.5,0,0.931556,0.786,0.661637,786,1
0.787,0.5,0,0.9324,0.787,0.667587,787,1
0.788,0.5,0,0.933244,0.788,0.673537,788,1
0.789,0.5,0,0.934088,0.789,0.679488,789,1
0.79,0.5,0,0.934933,0.79,0.685657,790,1
0.791,0.5,0,0.935778,0.791,0.69184,791,1
0.792,0.5,0,0.936624,0.792,0.698023,792,1
0.793,0.5,0,0.937469,0.793,0.704213,793,1
0.794,0.5,0,0.938316,0.794,0.710642,794,1
0.795,0.5,0,0.939162,0.795,0.71707,795,1
0.796,0.5,0,0.940009,0.796,0.723499,796,1
0.797,0.5,0,0.940855,0.797,0.729959,797,1
0.798,0.5,0,0.941703,0.798,0.736641,798,1
0.799,0.5,0,0.94255,0.799,0.743323,799,1
0.8,0.5,0,0.943398,0.8,0.750005,800,1
0.801,0.5,0,0.944246,0.801,0.756744,801,1
0.802,0.5,0,0.945095,0.802,0.763688,802,1
0.803,0.5,0,0.945943,0.803,0.770631,803,1
0.804,0.5,0,0.946792,0.804,0.777576,804,1
0.805,0.5,0,0.947642,0.805,0.784605,805,1
0.806,0.5,0,0.948491,0.806,0.791825,806,1
0.807,0.5,0,0.949341,0.807,0.799044,807,1
0.808,0.5,0,0.950192,0.808,0.806264,808,1
0.809,0.5,0,0.951042,0.809,0.8136,809,1
0.81,0.5,0,0.951893,0.81,0.821104,810,1
0.811,0.5,0,0.952744,0.811,0.828609,811,1
0.812,0.5,0,0.953595,0.812,0.836114,812,1
0.813,0.5,0,0.954447,0.813,0.843767,813,1
0.814,0.5,0,0.955299,0.814,0.851568,814,1
0.815,0.5,0,0.956151,0.815,0.859369,815,1
0.816,0.5,0,0.957004,0.816,0.86717,816,1
0.817,0.5,0,0.957856,0.817,0.875154,817,1
0.818,0.5,0,0.95871,0.818,0.883264,818,1
0.819,0.5,0,0.959563,0.819,0.891373,819,1
0.82,0.5,0,0.960417,0.82,0.899482,820,1
0.821,0.5,0,0.961271,0.821,0.90781,821,1
0.822,0.5,0,0.962125,0.822,0.916239,822,1
0.823,0.5,0,0.962979,0.823,0.924666,823,1
0.824,0.5,0,0.963834,0.824,0.933094,824,1
0.825,0.5,0,0.964689,0.825,0.941784,825,1
0.826,0.5,0,0.965544,0.826,0.950547,826,1
0.827,0.5,0,0.9664,0.827,0.95931,827,1
0.828,0.5,0,0.967256,0.828,0.968073,828,1
0.829,0.5,0,0.968112,0.829,0.97714,829,1
0.83,0.5,0,0.968969,0.83,0.986249,830,1
0.831,0.5,0,0.969825,0.831,0.995359,831,1
0.832,0.5,0,0.970682,0.832,1.00447,832,1
0.833,0.5,0,0.971539,0.833,1.01393,833,1
0.834,0.5,0,0.972397,0.834,1.02339,834,1
0.835,0.5,0,0.973255,0.835,1.03286,835,1
0.836,0.5,0,0.974113,0.836,1.04235,836,1
0.837,0.5,0,0.974971,0.837,1.0522,837,1
0.838,0.5,0,0.97583,0.838,1.06204,838,1
0.839,0.5,0,0.976689,0.839,1.07189,839,1
0.84,0.5,0,0.977548,0.84,1.08179,840,1
0.841,0.5,0,0.978407,0.841,1.09203,841,1
0.842,0.5,0,0.979267,0.842,1.10226,842,1
0.843,0.5,0,0.980127,0.843,1.1125,843,1
0.844,0.5,0,0.980987,0.844,1.12283,844,1
0.845,0.5,0,0.981848,0.845,1.13348,845,1
0.846,0.5,0,0.982709,0.846,1.14412,846,1
0.847,0.5,0,0.98357,0.847,1.15476,847,1
0.848,0.5,0,0.984431,0.848,1.16554,848,1
0.849,0.5,0,0.985292,0.849,1.1766,849,1
0.85,0.5,0,0.986154,0.85,1.18766,850,1
0.851,0.5,0,0.987016,0.851,1.19873,851,1
0.852,0.5,0,0.987879,0.852,1.20998,852,1
0.853,0.5,0,0.988741,0.853,1.22147,853,1
0.854,0.5,0,0.989604,0.854,1.23297,854,1
0.855,0.5,0,0.990467,0.855,1.24447,855,1
0.856,0.5,0,0.99133,0.856,1.25621,856,1
0.857,0.5,0,0.992194,0.857,1.26816,857,1
0.858,0.5,0,0.993058,0.858,1.28012,858,1
0.859,0.5,0,0.993922,0.859,1.29208,859,1
0.86,0.5,0,0.994786,0.86,1.30433,860,1
0.861,0.5,0,0.995651,0.861,1.31676,861,1
0.862,0.5,0,0.996516,0.862,1.32919,862,1
0.863,0.5,0,0.997381,0.863,1.34162,863,1
0.864,0.5,0,0.998246,0.864,1.3544,864,1
0.865,0.5,0,0.999112,0.865,1.36732,865,1
0.866,0.5,0,0.999978,0.866,1.38024,866,1
0.867,0.5,0,1.00084,0.867,1.39316,867,1
0.868,0.5,0,1.00171,0.868,1.40649,868,1
0.869,0.5,0,1.00258,0.869,1.41993,869,1
0.87,0.5,0,1.00344,0.87,1.43337,870,1
0.871,0.5,0,1.00431,0.871,1.4468,871,1
0.872,0.5,0,1.00518,0.872,1.46072,872,1
0.873,0.5,0,1.00605,0.873,1.47469,873,1
0.874,0.5,0,1.00691,0.874,1.48865,874,1
0.875,0.5,0,1.00778,0.875,1.50262,875,1
0.876,0.5,0,1.00865,0.876,1.51714,876,1
0.877,0.5,0,1.00952,0.877,1.53167,877,1
0.878,0.5,0,1.01039,0.878,1.54619,878,1
0.879,0.5,0,1.01126,0.879,1.56077,879,1
0.88,0.5,0,1.01213,0.88,1.57586,880,1
0.881,0.5,0,1.013,0.881,1.59096,881,1
0.882,0.5,0,1.01387,0.882,1.60606,882,1
0.883,0.5,0,1.01474,0.883,1.62127,883,1
0.884,0.5,0,1.01561,0.884,1.63697,884,1
0.885,0.5,0,1.01648,0.885,1.65266,885,1
0.886,0.5,0,1.01735,0.886,1.66836,886,1
0.887,0.5,0,1.01822,0.887,1.68423,887,1
0.888,0.5,0,1.01909,0.888,1.70055,888,1
0.889,0.5,0,1.01996,0.889,1.71687,889,1
0.89,0.5,0,1.02083,0.89,1.73319,890,1
0.891,0.5,0,1.0217,0.891,1.74975,891,1
0.892,0.5,0,1.02258,0.892,1.76672,892,1
0.893,0.5,0,1.02345,0.893,1.78369,893,1
0.894,0.5,0,1.02432,0.894,1.80066,894,1
0.895,0.5,0,1.0252,0.895,1.81795,895,1
0.896,0.5,0,1.02607,0.896,1.83559,896,1
0.897,0.5,0,1.02694,0.897,1.85323,897,1
0.898,0.5,0,1.02782,0.898,1.87086,898,1
0.899,0.5,0,1.02869,0.899,1.8889,899,1
0.9,0.5,0,1.02956,0.9,1.90724,900,1
0.901,0.5,0,1.03044,0.901,1.92559,901,1
0.902,0.5,0,1.03131,0.902,1.94393,902,1
0.903,0.5,0,1.03219,0.903,1.96276,903,1
0.904,0.5,0,1.03306,0.904,1.98183,904,1
0.905,0.5,0,1.03394,0.905,2.0009,905,1
0.906,0.5,0,1.03481,0.906,2.01998,906,1
0.907,0.5,0,1.03569,0.907,2.03962,907,1
0.908,0.5,0,1.03656,0.908,2.05945,908,1
0.909,0.5,0,1.03744,0.909,2.07928,909,1
0.91,0.5,0,1.03832,0.91,2.09911,910,1
0.911,0.5,0,1.03919,0.911,2.11961,911,1
0.912,0.5,0,1.04007,0.912,2.14023,912,1
0.913,0.5,0,1.04095,0.913,2.16085,913,1
0.914,0.5,0,1.04182,0.914,2.18147,914,1
0.915,0.5,0,1.0427,0.915,2.20285,915,1
0.916,0.5,0,1.04358,0.916,2.22428,916,1
0.917,0.5,0,1.04446,0.917,2.24572,917,1
0.918,0.5,0,1.04533,0.918,2.26718,918,1
0.919,0.5,0,1.04621,0.919,2.28947,919,1
0.92,0.5,0,1.04709,0.92,2.31176,920,1
0.921,0.5,0,1.04797,0.921,2.33405,921,1
0.922,0.5,0,1.04885,0.922,2.35645,922,1
0.923,0.5,0,1.04973,0.923,2.37963,923,1
0.924,0.5,0,1.05061,0.924,2.40281,924,1
0.925,0.5,0,1.05149,0.925,2.42599,925,1
0.926,0.5,0,1.05237,0.926,2.44937,926,1
0.927,0.5,0,1.05325,0.927,2.47346,927,1
0.928,0.5,0,1.05413,0.928,2.49755,928,1
0.929,0.5,0,1.05501,0.929,2.52165,929,1
0.93,0.5,0,1.05589,0.93,2.54604,930,1
0.931,0.5,0,1.05677,0.931,2.5711,931,1
0.932,0.5,0,1.05765,0.932,2.59616,932,1
0.933,0.5,0,1.05853,0.933,2.62122,933,1
0.934,0.5,0,1.05941,0.934,2.64668,934,1
0.935,0.5,0,1.06029,0.935,2.67273,935,1
0.936,0.5,0,1.06118,0.936,2.69879,936,1
0.937,0.5,0,1.06206,0.937,2.72484,937,1
0.938,0.5,0,1.06294,0.938,2.75142,938,1
0.939,0.5,0,1.06382,0.939,2.77851,939,1
0.94,0.5,0,1.06471,0.94,2.8056,940,1
0.941,0.5,0,1.06559,0.941,2.83269,941,1
0.942,0.5,0,1.06647,0.942,2.86042,942,1
0.943,0.5,0,1.06736,0.943,2.88859,943,1
0.944,0.5,0,1.06824,0.944,2.91676,944,1
0.945,0.5,0,1.06912,0.945,2.94493,945,1
0.946,0.5,0,1.07001,0.946,2.97387,946,1
0.947,0.5,0,1.07089,0.947,3.00315,947,1
0.948,0.5,0,1.07178,0.948,3.03243,948,1
0.949,0.5,0,1.07266,0.949,3.06172,949,1
0.95,0.5,0,1.07355,0.95,3.09192,950,1
0.951,0.5,0,1.07443,0.951,3.12237,951,1
0.952,0.5,0,1.07532,0.952,3.15283,952,1
0.953,0.5,0,1.0762,0.953,3.18328,953,1
0.954,0.5,0,1.07709,0.954,3.2148,954,1
0.955,0.5,0,1.07797,0.955,3.24647,955,1
0.956,0.5,0,1.07886,0.956,3.27814,956,1
0.957,0.5,0,1.07974,0.957,3.30981,957,1
0.958,0.5,0,1.08063,0.958,3.34269,958,1
0.959,0.5,0,1.08152,0.959,3.37561,959,1
0.96,0.5,0,1.0824,0.96,3.40853,960,1
0.961,0.5,0,1.08329,0.961,3.44153,961,1
0.962,0.5,0,1.08418,0.962,3.47577,962,1
0.963,0.5,0,1.08507,0.963,3.51001,963,1
0.964,0.5,0,1.08595,0.964,3.54425,964,1
0.965,0.5,0,1.08684,0.965,3.5787,965,1
0.966,0.5,0,1.08773,0.966,3.61431,966,1
0.967,0.5,0,1.08862,0.967,3.64991,967,1
0.968,0.5,0,1.08951,0.968,3.68551,968,1
0.969,0.5,0,1.09039,0.969,3.72147,969,1
0.97,0.5,0,1.09128,0.97,3.75849,970,1
0.971,0.5,0,1.09217,0.971,3.79551,971,1
0.972,0.5,0,1.09306,0.972,3.83253,972,1
0.973,0.5,0,1.09395,0.973,3.87006,973,1
0.974,0.5,0,1.09484,0.974,3.90855,974,1
0.975,0.5,0,1.09573,0.975,3.94705,975,1
0.976,0.5,0,1.09662,0.976,3.98554,976,1
0.977,0.5,0,1.09751,0.977,4.0247,977,1
0.978,0.5,0,1.0984,0.978,4.06472,978,1
0.979,0.5,0,1.09929,0.979,4.10473,979,1
0.98,0.5,0,1.10018,0.98,4.14475,980,1
0.981,0.5,0,1.10107,0.981,4.18562,981,1
0.982,0.5,0,1.10196,0.982,4.22724,982,1
0.983,0.5,0,1.10285,0.983,4.26887,983,1
0.984,0.5,0,1.10375,0.984,4.31049,984,1
0.985,0.5,0,1.10464,0.985,4.35315,985,1
0.986,0.5,0,1.10553,0.986,4.39643,986,1
0.987,0.5,0,1.10642,0.987,4.4397,987,1
0.988,0.5,0,1.10731,0.988,4.48298,988,1
0.989,0.5,0,1.10821,0.989,4.5275,989,1
0.99,0.5,0,1.1091,0.99,4.57249,990,1
0.991,0.5,0,1.10999,0.991,4.61748,991,1
0.992,0.5,0,1.11088,0.992,4.66247,992,1
0.993,0.5,0,1.11178,0.993,4.70893,993,1
0.994,0.5,0,1.11267,0.994,4.75573,994,1
0.995,0.5,0,1.11356,0.995,4.80252,995,1
0.996,0.5,0,1.11446,0.996,4.84932,996,1
0.997,0.5,0,1.11535,0.997,4.8978,997,1
0.998,0.5,0,1.11625,0.998,4.94646,998,1
0.999,0.5,0,1.11714,0.999,4.99512,999,1
1,0.5,0,1.11803,1,5.04378,1000,1
